{
    "bindings": [
        {
            "font": "{cd42ebac-51d2-40c1-ac64-4f3b58f727d9}",
            "language": "{02c9067f-c37f-4296-8823-ce0bb971d0d6}",
            "string": "{4821fbd4-b5fe-41b9-bdb1-3e7b30c33ce2}"
        },
        {
            "font": "{cd42ebac-51d2-40c1-ac64-4f3b58f727d9}",
            "language": "{02c9067f-c37f-4296-8823-ce0bb971d0d6}",
            "string": "{a70b53f8-a7ff-403f-9778-236debcecaed}"
        },
        {
            "font": "{cd42ebac-51d2-40c1-ac64-4f3b58f727d9}",
            "language": "{02c9067f-c37f-4296-8823-ce0bb971d0d6}",
            "string": "{bd4cda09-73f3-42b8-9412-6a9bba12d1b0}"
        }
    ],
    "defaultLanguage": "{02c9067f-c37f-4296-8823-ce0bb971d0d6}",
    "encoding": "ASCII",
    "languages": [
        {
            "properties": {
                "__categories": [
                ],
                "__groups": [
                ],
                "enabled": {
                    "enabled": true,
                    "type": "boolean",
                    "value": true,
                    "visible": true
                },
                "id": {
                    "enabled": true,
                    "type": "uuid",
                    "value": "{02c9067f-c37f-4296-8823-ce0bb971d0d6}",
                    "visible": true
                },
                "name": {
                    "enabled": true,
                    "type": "text",
                    "value": "Default",
                    "visible": true
                }
            }
        }
    ],
    "paths": [
    ],
    "strings": [
        {
            "properties": {
                "__categories": [
                ],
                "__groups": [
                ],
                "description": {
                    "enabled": true,
                    "type": "text",
                    "value": "",
                    "visible": true
                },
                "id": {
                    "enabled": true,
                    "type": "uuid",
                    "value": "{4821fbd4-b5fe-41b9-bdb1-3e7b30c33ce2}",
                    "visible": true
                },
                "name": {
                    "enabled": true,
                    "type": "text",
                    "value": "Smart",
                    "visible": true
                },
                "path": {
                    "enabled": true,
                    "type": "text",
                    "value": "/",
                    "visible": true
                }
            },
            "values": [
                {
                    "language": "{02c9067f-c37f-4296-8823-ce0bb971d0d6}",
                    "value": "Smart."
                }
            ]
        },
        {
            "properties": {
                "__categories": [
                ],
                "__groups": [
                ],
                "description": {
                    "enabled": true,
                    "type": "text",
                    "value": "",
                    "visible": true
                },
                "id": {
                    "enabled": true,
                    "type": "uuid",
                    "value": "{a70b53f8-a7ff-403f-9778-236debcecaed}",
                    "visible": true
                },
                "name": {
                    "enabled": true,
                    "type": "text",
                    "value": "Fast",
                    "visible": true
                },
                "path": {
                    "enabled": true,
                    "type": "text",
                    "value": "/",
                    "visible": true
                }
            },
            "values": [
                {
                    "language": "{02c9067f-c37f-4296-8823-ce0bb971d0d6}",
                    "value": "Fast."
                }
            ]
        },
        {
            "properties": {
                "__categories": [
                ],
                "__groups": [
                ],
                "description": {
                    "enabled": true,
                    "type": "text",
                    "value": "",
                    "visible": true
                },
                "id": {
                    "enabled": true,
                    "type": "uuid",
                    "value": "{bd4cda09-73f3-42b8-9412-6a9bba12d1b0}",
                    "visible": true
                },
                "name": {
                    "enabled": true,
                    "type": "text",
                    "value": "Easy",
                    "visible": true
                },
                "path": {
                    "enabled": true,
                    "type": "text",
                    "value": "/",
                    "visible": true
                }
            },
            "values": [
                {
                    "language": "{02c9067f-c37f-4296-8823-ce0bb971d0d6}",
                    "value": "Easy."
                }
            ]
        }
    ]
}
