{
    "images": [
        {
            "id": "{ea3a2734-8989-459e-87aa-8c0f453e7743}",
            "name": "back",
            "type": "RGB"
        },
        {
            "id": "{9c6c98f4-d8e5-4315-951e-d7e896c6c09b}",
            "name": "middle",
            "type": "RGB"
        },
        {
            "id": "{2b8e9a50-85ad-4b08-878e-4bd48874c10a}",
            "name": "cherry",
            "type": "RGB"
        },
        {
            "id": "{2a4b2e3a-1c90-4337-a05b-c256e9f9d321}",
            "name": "apricot",
            "type": "RGB"
        },
        {
            "id": "{129f7456-df5d-4f48-99c9-43e4c7f4107e}",
            "name": "melon",
            "type": "RGB"
        },
        {
            "id": "{462394fe-c55a-419b-a354-94b57c868046}",
            "name": "bee_0",
            "type": "RGB"
        },
        {
            "id": "{b9ff32a9-ab8e-4293-ab15-5001e6f91a85}",
            "name": "bee_1",
            "type": "RGB"
        },
        {
            "id": "{1b066624-f5d6-4db8-a5cb-f4c26725eebf}",
            "name": "bee_2",
            "type": "RGB"
        },
        {
            "id": "{04f1aa4f-0fc7-456b-a822-42ece44207ec}",
            "name": "bee_3",
            "type": "RGB"
        },
        {
            "id": "{56f45e03-0391-4d31-9832-6d9ade910d51}",
            "name": "bee_4",
            "type": "RGB"
        },
        {
            "id": "{b8631cf9-2b28-4870-9e8c-74d339f31923}",
            "name": "bee_5",
            "type": "RGB"
        },
        {
            "id": "{4a52b7cd-748d-4382-9ec3-67616c9445b5}",
            "name": "bee_6",
            "type": "RGB"
        },
        {
            "id": "{700c1b57-ecc0-415c-afb4-420a17b628b7}",
            "name": "bee_7",
            "type": "RGB"
        },
        {
            "id": "{8a70e1c8-e774-45b7-9a26-6164c2b49858}",
            "name": "transparent_fg",
            "type": "RGB"
        },
        {
            "id": "{d6965b48-9a05-4233-baa7-eae6ec0c1113}",
            "name": "legatoLib",
            "type": "RGB"
        },
        {
            "id": "{89b341fa-b577-40b1-86aa-6cef96a95ba3}",
            "name": "logo1",
            "type": "RGB"
        },
        {
            "id": "{21ce90a5-870b-4d2f-8cb7-8d93d1ea0597}",
            "name": "logo2",
            "type": "RGB"
        },
        {
            "id": "{2f659de6-d6da-45ff-862b-0bbd0081befa}",
            "name": "logo3",
            "type": "RGB"
        },
        {
            "id": "{d8f12147-66ee-4bb6-8f94-3759aaedf22b}",
            "name": "logo4",
            "type": "RGB"
        },
        {
            "id": "{071fc78b-886b-4d7a-b232-8cbd8d8e2424}",
            "name": "logo5",
            "type": "RGB"
        },
        {
            "id": "{23045bc2-14a1-4b20-bbbd-d34fe4162b63}",
            "name": "logo6",
            "type": "RGB"
        },
        {
            "id": "{049fb768-5628-4eaa-a3a8-30f42233d7f0}",
            "name": "hud1",
            "type": "RGB"
        },
        {
            "id": "{cd758b56-4de0-4243-b0e4-0248add6152d}",
            "name": "hud2",
            "type": "RGB"
        },
        {
            "id": "{0dd28659-4611-401f-b298-eb6b9c5bd918}",
            "name": "hud3",
            "type": "RGB"
        },
        {
            "id": "{ebe097a2-d149-492c-beb7-8b0eca550f4d}",
            "name": "hud4",
            "type": "RGB"
        },
        {
            "id": "{aea90088-f6d7-4e17-99e5-75c1b6bfe979}",
            "name": "pause",
            "type": "RGB"
        },
        {
            "id": "{b8bac736-b704-4239-a190-906237ab19b8}",
            "name": "play",
            "type": "RGB"
        },
        {
            "id": "{193471bf-6e93-4018-b763-6c5450eedae7}",
            "name": "headerImage",
            "type": "RGB"
        },
        {
            "id": "{34020c4e-e976-4670-b605-5b6df7706266}",
            "name": "bottom",
            "type": "RGB"
        },
        {
            "id": "{576678b4-5d38-4791-940a-ad848d80528a}",
            "name": "dead1",
            "type": "RGB"
        },
        {
            "id": "{b3c2dd77-5b11-4208-811e-599050f62b51}",
            "name": "dead2",
            "type": "RGB"
        },
        {
            "id": "{6d32b9d1-f921-4b9d-a100-05443e4a9c77}",
            "name": "dead3",
            "type": "RGB"
        },
        {
            "id": "{d5878cfb-d083-4a06-9b13-5d6bf5070859}",
            "name": "dead4",
            "type": "RGB"
        },
        {
            "id": "{4f10194c-1418-4f45-9963-3a405b55adc4}",
            "name": "dizzy0",
            "type": "RGB"
        },
        {
            "id": "{ca4c3b9a-909e-4671-8301-57f5b8ed019b}",
            "name": "dizzy1",
            "type": "RGB"
        },
        {
            "id": "{4213a86e-ec26-4a0a-a393-3b38ab31256a}",
            "name": "dizzy2",
            "type": "RGB"
        },
        {
            "id": "{973a8fee-9281-427c-8bd1-b641414973fb}",
            "name": "empty",
            "type": "RGB"
        },
        {
            "id": "{649c4c39-3ce3-40ef-b51c-eba687d9adeb}",
            "name": "idle0",
            "type": "RGB"
        },
        {
            "id": "{74f090c7-e370-4726-915f-a572c0fe40d2}",
            "name": "idle1",
            "type": "RGB"
        },
        {
            "id": "{017f8ca0-117d-46b7-a982-b07d2f626935}",
            "name": "idle2",
            "type": "RGB"
        },
        {
            "id": "{303181db-f2f9-452b-805c-0102893233a9}",
            "name": "idle3",
            "type": "RGB"
        },
        {
            "id": "{5a8c7660-b544-40ab-9f75-a63439426280}",
            "name": "jump0",
            "type": "RGB"
        },
        {
            "id": "{0ca4a1a5-42a1-4bac-b2ee-7d7c6e3290fd}",
            "name": "jump1",
            "type": "RGB"
        },
        {
            "id": "{fe2f88d8-2b22-4901-9727-e6c61a2f6a5a}",
            "name": "jump2",
            "type": "RGB"
        },
        {
            "id": "{9e569801-e595-420a-b837-9e17b1a1599a}",
            "name": "jump3",
            "type": "RGB"
        },
        {
            "id": "{6ddf595e-2bf1-4641-b2a6-c32b9faf41f7}",
            "name": "jump4",
            "type": "RGB"
        },
        {
            "id": "{ebb8a43e-f1d4-47de-8a56-028573bfdc6f}",
            "name": "jump5",
            "type": "RGB"
        },
        {
            "id": "{4a79ab1a-e59a-40c1-af80-aacf70d5d1b1}",
            "name": "jump6",
            "type": "RGB"
        },
        {
            "id": "{7b64062f-68f9-4fb2-89ff-8c825bc363e4}",
            "name": "jump7",
            "type": "RGB"
        },
        {
            "id": "{d3082b1d-609b-4572-824d-d0208d71980f}",
            "name": "run0",
            "type": "RGB"
        },
        {
            "id": "{ca767679-71ca-45b6-8ca7-d2393a5373d9}",
            "name": "run1",
            "type": "RGB"
        },
        {
            "id": "{c1650196-f988-42b9-bb41-286bad3b627e}",
            "name": "run2",
            "type": "RGB"
        },
        {
            "id": "{e250799d-dde0-48f7-bb28-1515108f3428}",
            "name": "idle_left0",
            "type": "RGB"
        },
        {
            "id": "{9b192ede-8b18-4371-9d1e-fc15b1e852ad}",
            "name": "idle_left1",
            "type": "RGB"
        },
        {
            "id": "{40a5a869-96ea-4aac-b951-b5497a864ccb}",
            "name": "idle_left2",
            "type": "RGB"
        },
        {
            "id": "{54d39203-9719-48df-9a64-a351ed48a5be}",
            "name": "idle_left3",
            "type": "RGB"
        },
        {
            "id": "{2f41d7ec-2717-4175-b9e7-0ad1cb3da00c}",
            "name": "jump_left0",
            "type": "RGB"
        },
        {
            "id": "{2bd4a94d-a50e-4a19-af93-c3005e94033d}",
            "name": "jump_left1",
            "type": "RGB"
        },
        {
            "id": "{6e0758c1-489c-4f1b-9a58-07f316e56c9b}",
            "name": "jump_left2",
            "type": "RGB"
        },
        {
            "id": "{45a1e0c8-9fca-418e-b05f-d323e4b412ba}",
            "name": "jump_left3",
            "type": "RGB"
        },
        {
            "id": "{26081020-f69b-4403-86b1-10c4de5bb805}",
            "name": "jump_left4",
            "type": "RGB"
        },
        {
            "id": "{9775e7f4-8c83-4d0c-9ac4-38f4373c6c8b}",
            "name": "jump_left5",
            "type": "RGB"
        },
        {
            "id": "{4a84bb91-bb5e-4940-b0dc-b73f1f8fd8a3}",
            "name": "jump_left6",
            "type": "RGB"
        },
        {
            "id": "{6c241839-71e6-4c93-a35d-f65bb24a9b6c}",
            "name": "jump_left7",
            "type": "RGB"
        },
        {
            "id": "{b21822e7-114c-4282-b947-c57adb40fb89}",
            "name": "run_left0",
            "type": "RGB"
        },
        {
            "id": "{e07818d8-b104-4c50-aebe-a06a052f2438}",
            "name": "run_left1",
            "type": "RGB"
        },
        {
            "id": "{27ff4cbd-3a55-44ef-bb5b-f21efa7e897f}",
            "name": "run_left2",
            "type": "RGB"
        },
        {
            "id": "{1014ce00-e24c-4dfd-b39f-afa3cfbf75b8}",
            "name": "cpu",
            "type": "RGB"
        },
        {
            "id": "{75019c91-9ea3-40c3-8342-98dfbcd8f80b}",
            "name": "num0",
            "type": "RGB"
        },
        {
            "id": "{ef622b31-13e9-46b1-866c-dae737324cc8}",
            "name": "num1",
            "type": "RGB"
        },
        {
            "id": "{ccf9ce67-25f1-4282-9619-634df455ed94}",
            "name": "num2",
            "type": "RGB"
        },
        {
            "id": "{fff3bfc7-4e92-4318-aa2b-e0e50ca4bc0b}",
            "name": "num3",
            "type": "RGB"
        },
        {
            "id": "{c4fa0702-00a8-48fb-a11d-bb7377b6355f}",
            "name": "num4",
            "type": "RGB"
        },
        {
            "id": "{ce99270d-208c-4529-8075-932793a8db87}",
            "name": "num5",
            "type": "RGB"
        },
        {
            "id": "{daa1aebe-a589-4ec8-a64e-a42fd57316cb}",
            "name": "num6",
            "type": "RGB"
        },
        {
            "id": "{19c2bfb8-0a0a-4628-abcd-2741db8ef030}",
            "name": "num7",
            "type": "RGB"
        },
        {
            "id": "{7a9c568a-da41-42e2-9f8e-25c174a3da57}",
            "name": "num8",
            "type": "RGB"
        },
        {
            "id": "{d946a1fa-3417-41f7-8e66-b7316cae28f4}",
            "name": "num9",
            "type": "RGB"
        }
    ],
    "paths": [
    ]
}
