{
    "systemLocations": [
        {
            "properties": {
                "__categories": [
                    {
                        "expanded": true,
                        "id": "System Location Properties",
                        "visible": true
                    }
                ],
                "__groups": [
                ],
                "capacity": {
                    "enabled": true,
                    "type": "integer",
                    "value": 0,
                    "visible": true
                },
                "id": {
                    "enabled": true,
                    "type": "uuid",
                    "value": "{ebf293f9-c0a8-4007-a33f-c314f1309aa9}",
                    "visible": true
                },
                "name": {
                    "enabled": true,
                    "type": "text",
                    "value": "Internal Flash",
                    "visible": true
                }
            }
        },
        {
            "properties": {
                "__categories": [
                    {
                        "expanded": true,
                        "id": "System Location Properties",
                        "visible": true
                    }
                ],
                "__groups": [
                ],
                "capacity": {
                    "enabled": true,
                    "type": "integer",
                    "value": 0,
                    "visible": true
                },
                "id": {
                    "enabled": true,
                    "type": "uuid",
                    "value": "{623fded0-6d78-450c-bfb7-9267d04af28a}",
                    "visible": true
                },
                "name": {
                    "enabled": true,
                    "type": "text",
                    "value": "Internal SRAM",
                    "visible": true
                }
            }
        }
    ],
    "userLocations": [
        {
            "properties": {
                "__categories": [
                    {
                        "expanded": true,
                        "id": "User Location Properties",
                        "visible": true
                    }
                ],
                "__groups": [
                ],
                "accessMode": {
                    "enabled": true,
                    "type": "combo",
                    "value": 1,
                    "visible": true
                },
                "capacity": {
                    "enabled": true,
                    "type": "integer",
                    "value": 2097152,
                    "visible": true
                },
                "id": {
                    "enabled": true,
                    "type": "uuid",
                    "value": "{5063b94e-ed57-4c3f-9c22-1098f3746ce0}",
                    "visible": true
                },
                "logicalStartingAddress": {
                    "enabled": true,
                    "type": "hex",
                    "value": -1451229184,
                    "visible": false
                },
                "memorymapped": {
                    "enabled": true,
                    "type": "boolean",
                    "value": false,
                    "visible": false
                },
                "name": {
                    "enabled": true,
                    "type": "text",
                    "value": "DDR",
                    "visible": true
                },
                "outputFileName": {
                    "enabled": true,
                    "type": "text",
                    "value": "NewUserLocation_0",
                    "visible": false
                },
                "outputFileType": {
                    "enabled": true,
                    "type": "combo",
                    "value": 2,
                    "visible": false
                },
                "startingAddress": {
                    "enabled": true,
                    "type": "hex",
                    "value": 0,
                    "visible": false
                },
                "useLogicalAddress": {
                    "enabled": true,
                    "type": "boolean",
                    "value": true,
                    "visible": false
                },
                "writeAlignment": {
                    "enabled": true,
                    "type": "combo",
                    "value": 1,
                    "visible": true
                },
                "writeStartingAddress": {
                    "enabled": true,
                    "type": "hex",
                    "value": 545259520,
                    "visible": true
                }
            },
            "reservedBlocks": [
            ]
        }
    ]
}
